,p_val,avg_log2FC,pct.1,pct.2,p_val_adj,symbol
ENSG00000158022,0,1.14122215149929,0.344,0.002,0,TRIM63
ENSG00000121769,0,1.01348444772325,0.284,0.011,0,FABP3
ENSG00000050628,0,2.57959386498625,0.555,0.011,0,PTGER3
ENSG00000122477,0,0.833592527000863,0.29,0.014,0,LRRC39
ENSG00000143387,0,4.4905463519023,0.772,0.064,0,CTSK
ENSG00000163395,0,1.53277846035628,0.406,0.003,0,IGFN1
ENSG00000163431,0,1.77663622283416,0.567,0.039,0,LMOD1
ENSG00000077585,0,0.944586664016838,0.435,0.041,0,GPR137B
ENSG00000183023,0,2.84322647225308,0.509,0.06,0,SLC8A1
ENSG00000078098,0,1.49263732493615,0.329,0.024,0,FAP
ENSG00000128710,0,0.682929307760302,0.234,0.001,0,HOXD10
ENSG00000168542,0,2.45184513020771,0.611,0.063,0,COL3A1
ENSG00000175084,0,2.33157854118816,0.545,0.036,0,DES
ENSG00000135914,0,1.03083325615404,0.402,0.021,0,HTR2B
ENSG00000163359,0,2.12828346653787,0.644,0.074,0,COL6A3
ENSG00000132329,0,2.75861965188989,0.704,0.066,0,RAMP1
ENSG00000121440,0,2.46633190750451,0.497,0.038,0,PDZRN3
ENSG00000065534,0,3.69792092894397,0.892,0.191,0,MYLK
ENSG00000158258,0,1.31661345358019,0.308,0.02,0,CLSTN2
ENSG00000159674,0,1.84922153261129,0.636,0.09,0,SPON2
ENSG00000172403,0,2.23489534840587,0.567,0.045,0,SYNPO2
ENSG00000164107,0,0.613139899140878,0.236,0.001,0,HAND2
ENSG00000237125,0,0.897298870406286,0.331,0.003,0,HAND2-AS1
ENSG00000113494,0,1.19796633711606,0.35,0.009,0,PRLR
ENSG00000164188,0,1.08198741120349,0.3,0.015,0,RANBP3L
ENSG00000132840,0,0.711169513152866,0.317,0.02,0,BHMT2
ENSG00000138829,0,1.38824434743309,0.246,0.008,0,FBN2
ENSG00000145808,0,1.35223650529159,0.246,0.006,0,ADAMTS19
ENSG00000249669,0,2.41341324316258,0.476,0.032,0,CARMN
ENSG00000241956,0,2.00433377063525,0.19,0.005,0,AC109466.1
ENSG00000174705,0,2.03230278016962,0.611,0.071,0,SH3PXD2B
ENSG00000112208,0,1.49254919327445,0.497,0.038,0,BAG2
ENSG00000112210,0,1.11012745999627,0.443,0.029,0,RAB23
ENSG00000196376,0,1.69516594178197,0.292,0.008,0,SLC35F1
ENSG00000198523,0,1.87664067665619,0.491,0.028,0,PLN
ENSG00000146374,0,1.44740906914783,0.416,0.04,0,RSPO3
ENSG00000091831,0,2.68458849128594,0.474,0.047,0,ESR1
ENSG00000112562,0,1.2775882899256,0.408,0.04,0,SMOC2
ENSG00000186340,0,1.70566830973566,0.522,0.032,0,THBS2
ENSG00000136267,0,1.47872831273308,0.215,0.005,0,DGKB
ENSG00000004846,0,1.69186740587779,0.344,0.002,0,ABCB5
ENSG00000136235,0,2.21701777421903,0.642,0.077,0,GPNMB
ENSG00000253293,0,0.66300138043,0.273,0.002,0,HOXA10
ENSG00000164692,0,2.27459556292056,0.677,0.108,0,COL1A2
ENSG00000130226,0,1.8195174013679,0.36,0.028,0,DPP6
ENSG00000253496,0,0.721249558673306,0.124,0.004,0,AC011586.2
ENSG00000156687,0,2.17774782226967,0.24,0.004,0,UNC5D
ENSG00000253452,0,0.748504954206524,0.114,0.002,0,AC124290.1
ENSG00000253524,0,1.02396412198968,0.141,0.001,0,AC124290.2
ENSG00000165078,0,2.54871382920116,0.306,0.012,0,CPA6
ENSG00000137558,0,0.732096121043864,0.263,0.006,0,PI15
ENSG00000156103,0,0.797402499133577,0.211,0.009,0,MMP16
ENSG00000132561,0,2.08142327097167,0.563,0.053,0,MATN2
ENSG00000156804,0,2.04899041616908,0.59,0.079,0,FBXO32
ENSG00000198467,0,2.60854984161662,0.865,0.151,0,TPM2
ENSG00000106772,0,2.20491433303753,0.518,0.047,0,PRUNE2
ENSG00000169071,0,1.33132510229561,0.369,0.033,0,ROR2
ENSG00000106809,0,2.1841838152307,0.578,0.045,0,OGN
ENSG00000106819,0,1.07769194001853,0.323,0.024,0,ASPN
ENSG00000136842,0,2.76944558835621,0.733,0.063,0,TMOD1
ENSG00000077943,0,2.42332270426095,0.509,0.048,0,ITGA8
ENSG00000156113,0,2.29093695830244,0.424,0.037,0,KCNMA1
ENSG00000107796,0,3.81321236116313,0.892,0.112,0,ACTA2
ENSG00000107518,0,2.43132854388626,0.329,0.006,0,ATRNL1
ENSG00000170370,0,0.898566352628114,0.333,0,0,EMX2
ENSG00000148848,0,2.38922065688984,0.406,0.023,0,ADAM12
ENSG00000154493,0,0.614794733276424,0.201,0.003,0,C10orf90
ENSG00000072952,0,1.09637941123669,0.391,0.029,0,MRVI1
ENSG00000109846,0,2.89705213491435,0.681,0.096,0,CRYAB
ENSG00000149294,0,0.773220943684803,0.213,0.01,0,NCAM1
ENSG00000149591,0,2.97176488132429,0.843,0.196,0,TAGLN
ENSG00000134533,0,1.55540192079811,0.482,0.046,0,RERG
ENSG00000185664,0,3.09955898900161,0.513,0.007,0,PMEL
ENSG00000166148,0,0.635622868699127,0.263,0.005,0,AVPR1A
ENSG00000166006,0,2.52238545789214,0.294,0.002,0,KCNC2
ENSG00000132938,0,1.05853102333518,0.3,0.022,0,MTUS2
ENSG00000231817,0,0.666188492413978,0.232,0.001,0,LINC01198
ENSG00000258537,0,0.839795817506094,0.164,0.002,0,FRMD6-AS2
ENSG00000166923,0,1.68644175889184,0.342,0.005,0,GREM1
ENSG00000128918,0,1.97364932899096,0.563,0.051,0,ALDH1A2
ENSG00000137809,0,0.84874783680834,0.327,0.007,0,ITGA11
ENSG00000133392,0,2.56589055852675,0.652,0.07,0,MYH11
ENSG00000087245,0,2.64501879212145,0.563,0.083,0,MMP2
ENSG00000103154,0,0.967361389126455,0.352,0.001,0,NECAB2
ENSG00000108821,0,2.63517037119965,0.573,0.085,0,COL1A1
ENSG00000182612,0,0.851895161972265,0.304,0.012,0,TSPAN10
ENSG00000130176,0,2.30364298231833,0.598,0.039,0,CNN1
ENSG00000105270,0,0.710862200072436,0.288,0.02,0,CLIP3
ENSG00000183036,0,2.90046371619832,0.511,0.012,0,PCP4
ENSG00000099953,0,1.52152329145487,0.17,0.004,0,MMP11
ENSG00000172346,0,0.625044207860726,0.323,0.009,0,CSDC2
ENSG00000101850,0,1.0023152256361,0.406,0.014,0,GPR143
ENSG00000102109,0,2.22197248786247,0.53,0.068,0,PCSK1N
ENSG00000101951,0,0.62083257229139,0.114,0.001,0,PAGE4
ENSG00000139278,1.56597821569682e-299,1.07352103631226,0.447,0.054,5.05560407155561e-295,GLIPR1
ENSG00000269043,7.04231182122593e-298,0.678668450669886,0.168,0.007,2.27353994836458e-293,AC008554.1
ENSG00000158747,9.37948145109368e-297,1.76795160865595,0.687,0.131,3.02807179167108e-292,NBL1
ENSG00000129116,1.17960106105932e-296,2.89260992480756,0.812,0.215,3.80822406552391e-292,PALLD
ENSG00000048052,3.17074786232804e-296,3.22305897352511,0.445,0.055,1.02364423987398e-291,HDAC9
ENSG00000011465,1.29560181291474e-295,0.837595363060365,0.787,0.163,4.18272089281394e-291,DCN
ENSG00000115641,1.81173142537853e-294,1.50562331285753,0.557,0.087,5.84899373369205e-290,FHL2
ENSG00000151067,3.49854795877601e-289,2.92710880297962,0.441,0.054,1.12947122301125e-284,CACNA1C
ENSG00000077942,1.47714954039126e-287,0.668784967908624,0.627,0.099,4.76882957619914e-283,FBLN1
ENSG00000253693,9.19097475163527e-277,1.24247446347156,0.106,0.003,2.96721428881793e-272,AC008415.1
ENSG00000082175,9.87690089158174e-275,0.689420578220886,0.234,0.016,3.18865868383825e-270,PGR
ENSG00000118526,8.59153091594599e-271,1.85256756754241,0.455,0.062,2.773689840904e-266,TCF21
ENSG00000187955,5.24308231958907e-262,1.17301622057088,0.443,0.058,1.69267669605614e-257,COL14A1
ENSG00000067715,4.79431842267581e-259,1.1684172500799,0.308,0.029,1.54779775957666e-254,SYT1
ENSG00000185567,6.13962391201338e-258,0.689877697604288,0.323,0.032,1.9821161837544e-253,AHNAK2
ENSG00000177990,2.86530731435631e-257,1.13033519261049,0.308,0.03,9.2503581336679e-253,DPY19L2
ENSG00000169851,4.06415102895453e-254,1.86751160313054,0.422,0.055,1.31207051818768e-249,PCDH7
ENSG00000130203,3.88913788666594e-250,3.66515579181667,0.65,0.154,1.25556927533123e-245,APOE
ENSG00000154736,3.35836914897545e-249,0.593861956426385,0.224,0.016,1.08421589605524e-244,ADAMTS5
ENSG00000198739,6.79139615290356e-248,0.687807366004373,0.101,0.003,2.19253433400338e-243,LRRTM3
ENSG00000151692,4.23215260411102e-246,1.34178467972737,0.427,0.058,1.3663081467112e-241,RNF144A
ENSG00000165197,1.98824502298695e-245,0.755464217687404,0.238,0.018,6.41885023221106e-241,VEGFD
ENSG00000260802,6.515283462129e-245,0.749706404446758,0.168,0.009,2.10339411291373e-240,SERTM2
ENSG00000144857,1.69755336008467e-243,0.697732849869688,0.284,0.026,5.48038126769734e-239,BOC
ENSG00000169306,2.89140604369838e-237,1.97530592320017,0.17,0.01,9.33461527147584e-233,IL1RAPL1
ENSG00000154277,3.09727719725056e-237,0.76634321287688,0.24,0.019,9.99924970360369e-233,UCHL1
ENSG00000106624,3.3252804005641e-236,1.58516519045492,0.625,0.129,1.07353352451811e-231,AEBP1
ENSG00000259995,2.51034187977106e-234,0.68107172803798,0.104,0.003,8.1043877246529e-230,AC106729.1
ENSG00000083067,7.32500974715868e-227,0.862260950899842,0.207,0.015,2.36480614677271e-222,TRPM3
ENSG00000145362,1.30580249666629e-225,1.12299016680389,0.298,0.031,4.21565278023745e-221,ANK2
ENSG00000086300,2.40330520785694e-221,0.842784041666478,0.344,0.042,7.75883053304534e-217,SNX10
ENSG00000152377,1.5184557138722e-220,0.742520132125214,0.251,0.023,4.902182426665e-216,SPOCK1
ENSG00000122786,7.23255665753532e-220,2.28479902327394,0.874,0.337,2.3349585913187e-215,CALD1
ENSG00000120907,5.02208334511479e-217,0.707275452194498,0.133,0.006,1.62132938713686e-212,ADRA1A
ENSG00000174944,5.50953810176599e-216,0.703018031143313,0.18,0.012,1.77869928077413e-211,P2RY14
ENSG00000145936,6.16833733791709e-215,0.684195338563534,0.255,0.024,1.99138602617315e-210,KCNMB1
ENSG00000197256,1.18735695101735e-211,1.30826732583341,0.586,0.127,3.8332631806644e-207,KANK2
ENSG00000184408,7.67538752659998e-210,1.05202495510489,0.124,0.006,2.47792210908754e-205,KCND2
ENSG00000078269,2.59010845597068e-209,0.971094989176857,0.387,0.056,8.36190613925573e-205,SYNJ2
ENSG00000101335,1.85969394589196e-203,3.08705096043998,0.874,0.362,6.00383593491761e-199,MYL9
ENSG00000203760,8.42591323356197e-203,0.755342540254137,0.286,0.032,2.72022182832315e-198,CENPW
ENSG00000003096,7.48846949176863e-200,1.03460454688117,0.251,0.025,2.41757749072259e-195,KLHL13
ENSG00000151572,3.62295425585408e-196,1.13531682428972,0.149,0.009,1.16963455195993e-191,ANO4
ENSG00000111052,1.60735123749509e-194,0.730181816501328,0.319,0.04,5.18917273512914e-190,LIN7A
ENSG00000224958,2.47654084814338e-194,0.624604935339805,0.137,0.008,7.99526447414608e-190,PGM5-AS1
ENSG00000163297,5.54407665062492e-194,1.87370748304124,0.571,0.129,1.78984970588775e-189,ANTXR2
ENSG00000182287,4.3738749099296e-193,1.59217542944147,0.627,0.165,1.41206177592167e-188,AP1S2
ENSG00000134343,6.01333205772767e-191,1.78000256430972,0.151,0.01,1.9413441215168e-186,ANO3
ENSG00000132386,8.42843260009681e-191,1.59064548601118,0.617,0.151,2.72103518061525e-186,SERPINF1
ENSG00000166780,8.8838487705352e-190,1.35890855825541,0.484,0.093,2.86806173707958e-185,BMERB1
ENSG00000163017,1.04890872540762e-187,1.97836858665036,0.277,0.033,3.38629692910597e-183,ACTG2
ENSG00000140416,3.06138380634327e-185,2.78820767238914,0.867,0.426,9.88337148039862e-181,TPM1
ENSG00000162614,6.95228733602013e-185,1.24261472427711,0.495,0.097,2.24447644356074e-180,NEXN
ENSG00000033122,9.920107973332e-184,1.3116538446944,0.147,0.009,3.2026076581105e-179,LRRC7
ENSG00000142173,4.86421785961179e-183,1.45874139444394,0.613,0.145,1.57036409379707e-178,COL6A2
ENSG00000260658,5.95291501588701e-183,0.799583529946535,0.128,0.007,1.92183908372896e-178,AC138305.1
ENSG00000173068,3.15370011238973e-182,1.75310357192185,0.466,0.088,1.0181405442839e-177,BNC2
ENSG00000187098,1.071084095893e-179,1.63179268662939,0.547,0.125,3.45788789518095e-175,MITF
ENSG00000106483,2.94903287235187e-178,2.26996107907213,0.375,0.062,9.52065772510079e-174,SFRP4
ENSG00000087076,1.02525882923926e-177,0.792334690413204,0.356,0.055,3.30994560431601e-173,HSD17B14
ENSG00000164120,1.44181954184432e-176,1.18469182079171,0.513,0.107,4.65477020889019e-172,HPGD
ENSG00000091436,7.59029270377313e-176,1.83406120640293,0.735,0.272,2.45045009648612e-171,MAP3K20
ENSG00000154330,6.55203035260116e-174,0.745345903825035,0.34,0.049,2.11525747903376e-169,PGM5
ENSG00000106538,2.90858702253007e-173,2.03838596024019,0.706,0.232,9.39008234353606e-169,RARRES2
ENSG00000162458,3.47506856819431e-172,0.812302564573241,0.455,0.087,1.12189113655585e-167,FBLIM1
ENSG00000079931,4.07792132092968e-169,0.926262134981145,0.244,0.027,1.31651611924894e-164,MOXD1
ENSG00000204262,4.52677747404917e-166,0.859207432151684,0.414,0.074,1.46142483972203e-161,COL5A2
ENSG00000117122,6.65362945067684e-164,0.687997297646134,0.313,0.045,2.14805773185651e-159,MFAP2
ENSG00000171791,7.48218053236077e-163,1.16505661203783,0.346,0.055,2.41554716306735e-158,BCL2
ENSG00000137726,2.78210655836712e-162,1.1041727752583,0.545,0.123,8.98175281303242e-158,FXYD6
ENSG00000134138,7.18799672961337e-162,2.30646975059883,0.617,0.177,2.32057286418838e-157,MEIS2
ENSG00000196923,1.56954094186205e-161,1.10966706563047,0.553,0.131,5.06710597670743e-157,PDLIM7
ENSG00000139926,8.03118982442943e-161,0.782225597761294,0.325,0.048,2.5927893229188e-156,FRMD6
ENSG00000142156,2.11917890779096e-160,1.16068240541187,0.555,0.132,6.84155718591235e-156,COL6A1
ENSG00000162576,2.73327243388651e-159,0.778358521989206,0.364,0.06,8.82409672555922e-155,MXRA8
ENSG00000164949,1.85277442568894e-158,1.70082517225181,0.52,0.129,5.98149695589417e-154,GEM
ENSG00000163331,3.09407646247591e-157,0.892849532661269,0.188,0.018,9.98891645145723e-153,DAPL1
ENSG00000064692,2.08088484430242e-153,1.17231935053182,0.364,0.065,6.71792863134594e-149,SNCAIP
ENSG00000113273,1.25652977537282e-151,0.730868695605229,0.308,0.047,4.0565807268136e-147,ARSB
ENSG00000235531,1.81018102700968e-151,0.828108701240266,0.215,0.024,5.84398842759805e-147,MSC-AS1
ENSG00000116132,2.25357944604795e-149,0.665341833659956,0.331,0.053,7.2754558836212e-145,PRRX1
ENSG00000154645,4.33697809862282e-148,0.678770960510084,0.151,0.012,1.40015000935939e-143,CHODL
ENSG00000131711,4.72138056093329e-148,1.4515088649102,0.507,0.124,1.5242505002917e-143,MAP1B
ENSG00000104368,8.14882267219675e-143,1.69133910400077,0.441,0.096,2.630765911492e-138,PLAT
ENSG00000138134,2.4178492258842e-142,0.891660301968555,0.209,0.024,7.80578444084454e-138,STAMBPL1
ENSG00000072110,1.48792779217173e-140,1.4286744864736,0.716,0.272,4.8036260842472e-136,ACTN1
ENSG00000236790,5.67353219794082e-140,1.05153779409141,0.153,0.013,1.83164313478321e-135,LINC00299
ENSG00000008277,2.61341200892256e-137,0.791198597119229,0.184,0.02,8.43713932960558e-133,ADAM22
ENSG00000153814,3.15123823580526e-136,2.07863616127662,0.538,0.148,1.01734575204737e-131,JAZF1
ENSG00000088538,6.76227929610293e-136,1.1689252015834,0.197,0.022,2.18313424795387e-131,DOCK3
ENSG00000165995,8.31956547962482e-134,1.65212623492212,0.275,0.043,2.68588851944208e-129,CACNB2
ENSG00000184613,2.50286756089058e-132,0.954748138178547,0.267,0.04,8.08025763357915e-128,NELL2
ENSG00000121904,4.33860881099721e-132,0.590607734694128,0.143,0.012,1.40067646854234e-127,CSMD2
ENSG00000172572,1.08271912883226e-131,1.50787706876223,0.288,0.047,3.49545043552206e-127,PDE3A
ENSG00000168734,1.8500373210363e-131,1.35516530690774,0.708,0.258,5.9726604872336e-127,PKIG
ENSG00000103187,3.15191387759399e-129,1.1742572726823,0.509,0.137,1.01756387624244e-124,COTL1
ENSG00000139329,6.44043048866778e-129,0.918805222459069,0.46,0.105,2.07922857896151e-124,LUM
ENSG00000118762,1.28617886537698e-128,1.14177064475018,0.499,0.132,4.15229984898304e-124,PKD2
ENSG00000130340,2.60441254630895e-127,0.966103621613954,0.549,0.153,8.40808546450381e-123,SNX9
ENSG00000157227,3.52721289882223e-127,0.76673985503895,0.379,0.08,1.13872541225577e-122,MMP14
ENSG00000152402,3.22666778283659e-126,0.80153634713033,0.219,0.029,1.04169742701097e-121,GUCY1A2
ENSG00000162733,9.28907148625281e-126,1.00717810597613,0.443,0.105,2.99888383862186e-121,DDR2
ENSG00000101911,1.35721103803761e-125,0.908512605298639,0.379,0.082,4.38162011520062e-121,PRPS2
ENSG00000035862,2.32243936916907e-123,1.42951011131532,0.596,0.207,7.49776325942543e-119,TIMP2
ENSG00000185274,1.58999684982932e-121,0.69270331273221,0.197,0.024,5.13314582998898e-117,GALNT17
ENSG00000143772,1.32924848887941e-120,0.942928484080514,0.381,0.083,4.2913458214983e-116,ITPKB
ENSG00000182253,7.24037392377389e-120,0.680918519540295,0.298,0.053,2.33748231755116e-115,SYNM
ENSG00000165966,4.47885989692236e-119,1.26536086949934,0.133,0.012,1.44595512912242e-114,PDZRN4
ENSG00000124496,4.96274323429548e-119,1.02439393714082,0.277,0.048,1.60217202575995e-114,TRERF1
ENSG00000140285,4.39091662496573e-117,1.05736718858213,0.499,0.141,1.41756352320394e-112,FGF7
ENSG00000138449,2.7470026274044e-116,1.20742067026171,0.534,0.172,8.86842328231235e-112,SLC40A1
ENSG00000170962,3.5023678160387e-116,0.718578317423474,0.184,0.022,1.13070442572993e-111,PDGFD
ENSG00000165914,7.01960941185963e-115,1.19697857973319,0.304,0.059,2.26621070252476e-110,TTC7B
ENSG00000112186,7.79996669993842e-115,0.698795000037805,0.321,0.062,2.51814124940812e-110,CAP2
ENSG00000162645,3.40978260395423e-113,0.803757902733067,0.458,0.121,1.10081421586058e-108,GBP2
ENSG00000176788,1.32499744368156e-112,0.78616498476954,0.398,0.094,4.27762174718155e-108,BASP1
ENSG00000107317,8.10455141244603e-110,1.15142438376118,0.534,0.157,2.61647337799408e-105,PTGDS
ENSG00000169554,1.71260676949725e-109,0.732169414067699,0.497,0.133,5.52897969464494e-105,ZEB2
ENSG00000151914,1.02282212435461e-107,1.35048407359723,0.71,0.292,3.30207894626642e-103,DST
ENSG00000198795,4.22102636147094e-107,0.850435335647226,0.248,0.042,1.36271615053728e-102,ZNF521
ENSG00000103175,6.8879835516799e-107,1.03533860394708,0.292,0.055,2.22371660982434e-102,WFDC1
ENSG00000154654,1.20326616973677e-106,1.14212303083203,0.255,0.043,3.8846245023782e-102,NCAM2
ENSG00000116717,2.46615736409205e-106,1.53309034652384,0.553,0.198,7.96174243423478e-102,GADD45A
ENSG00000100097,2.56697142510606e-105,1.70244519464639,0.766,0.381,8.28721054881242e-101,LGALS1
ENSG00000183960,1.48327244202297e-104,0.99502079348142,0.145,0.016,4.78859675182696e-100,KCNH8
ENSG00000196507,1.58250409684052e-104,1.58141089575334,0.538,0.201,5.10895622623993e-100,TCEAL3
ENSG00000140682,3.15470955643465e-103,1.01829249718542,0.491,0.147,1.01846643319936e-98,TGFB1I1
ENSG00000197535,4.40314840071251e-103,1.10009718857179,0.352,0.082,1.42151242968603e-98,MYO5A
ENSG00000134769,1.72710609702117e-102,1.11106829755497,0.282,0.054,5.57578932362313e-98,DTNA
ENSG00000134986,2.16136222618567e-100,0.781649255759952,0.402,0.104,6.97774181101782e-96,NREP
ENSG00000182492,3.0074127601959e-100,0.686290863670882,0.449,0.117,9.70913135501644e-96,BGN
ENSG00000149256,4.09717864418629e-99,0.725585723196997,0.209,0.033,1.3227331534891e-94,TENM4
ENSG00000169504,2.45129754660064e-98,1.25798476628129,0.71,0.315,7.9137689994455e-94,CLIC4
ENSG00000104332,1.42028880910743e-97,1.33411367017389,0.199,0.03,4.58526039132243e-93,SFRP1
ENSG00000171408,3.1113627952148e-97,1.24346978089259,0.302,0.065,1.00447236480715e-92,PDE7B
ENSG00000166033,1.0660121237375e-95,1.2355543325369,0.516,0.177,3.44151354027413e-91,HTRA1
ENSG00000114757,4.08023508600564e-95,0.683721705491925,0.104,0.009,1.31726309516606e-90,PEX5L
ENSG00000165379,1.48026714768579e-94,1.17313636972252,0.153,0.019,4.77889445958881e-90,LRFN5
ENSG00000115252,1.85438214667436e-93,1.11381494790458,0.234,0.042,5.98668732232351e-89,PDE1A
ENSG00000131171,3.39301626548677e-93,1.33558724982975,0.739,0.416,1.09540137114975e-88,SH3BGRL
ENSG00000147872,4.25480594951356e-93,1.73752097134661,0.58,0.242,1.37362155274096e-88,PLIN2
ENSG00000271945,2.51609193497838e-92,1.34682320329835,0.155,0.02,8.1229512028842e-88,AL355612.1
ENSG00000122694,7.07669715567944e-92,0.712302136170726,0.383,0.102,2.28464090973955e-87,GLIPR2
ENSG00000167460,1.72657884799022e-91,1.45286837731953,0.807,0.523,5.57408715285164e-87,TPM4
ENSG00000117643,4.57109346498113e-91,0.870771955173311,0.286,0.061,1.47573181423451e-86,MAN1C1
ENSG00000204291,2.25375609368083e-90,0.842066806415476,0.246,0.046,7.2760261728392e-86,COL15A1
ENSG00000110492,2.281780909758e-89,1.316509266712,0.513,0.188,7.36650148906271e-85,MDK
ENSG00000183722,3.70380010449466e-89,1.85277881980778,0.702,0.33,1.19573482573505e-84,LHFPL6
ENSG00000110880,1.32373677149159e-88,0.917631326510553,0.482,0.156,4.27355179308345e-84,CORO1C
ENSG00000150347,4.13352762273357e-88,1.2941512990515,0.745,0.403,1.33446805772331e-83,ARID5B
ENSG00000159176,8.10703882456342e-88,1.33761038284223,0.692,0.338,2.61727641412205e-83,CSRP1
ENSG00000149212,9.14263328534493e-88,0.691538849077469,0.373,0.099,2.95160772984076e-83,SESN3
ENSG00000136044,1.04938703734938e-87,0.804889291718365,0.449,0.139,3.38784111137875e-83,APPL2
ENSG00000179241,5.06031761280699e-86,0.610051999189192,0.23,0.043,1.63367293811861e-81,LDLRAD3
ENSG00000182621,1.19989387038988e-85,1.37528770561884,0.346,0.089,3.87373737116667e-81,PLCB1
ENSG00000237187,2.08399615639779e-85,0.7557290228694,0.275,0.059,6.72797319131462e-81,NR2F1-AS1
ENSG00000186314,9.00991408671555e-85,1.20519884547377,0.356,0.094,2.90876066375525e-80,PRELID2
ENSG00000137124,1.04436133719944e-84,0.650244117255796,0.211,0.038,3.37161614101468e-80,ALDH1B1
ENSG00000101849,7.62233395112573e-84,1.1946938464745,0.391,0.113,2.46079429278143e-79,TBL1X
ENSG00000138061,1.6295782952596e-83,0.759603828044661,0.487,0.165,5.2609305684161e-79,CYP1B1
ENSG00000108828,4.97702184273328e-82,0.989196023706676,0.449,0.149,1.60678173170801e-77,VAT1
ENSG00000113328,8.77824738102464e-82,1.06171760350106,0.453,0.16,2.83396938448999e-77,CCNG1
ENSG00000116741,3.91030156073414e-81,0.96204609100771,0.414,0.127,1.26240175586741e-76,RGS2
ENSG00000128487,2.31677050075522e-80,0.668143121926645,0.34,0.091,7.47946188463815e-76,SPECC1
ENSG00000140937,6.23701205900175e-80,0.601975455112684,0.35,0.091,2.01355697312813e-75,CDH11
ENSG00000266964,1.41476246545872e-79,0.656962860309457,0.387,0.106,4.56741914348693e-75,FXYD1
ENSG00000135052,3.80572088632683e-79,0.643371059819519,0.445,0.147,1.22863893094176e-74,GOLM1
ENSG00000163754,5.30888096560791e-79,0.867670889136995,0.427,0.139,1.71391913093686e-74,GYG1
ENSG00000091039,8.05841955394066e-79,1.21750944567823,0.665,0.324,2.6015801687942e-74,OSBPL8
ENSG00000111341,1.03595374063916e-78,1.15950726956269,0.768,0.38,3.34447305627945e-74,MGP
ENSG00000135916,1.08936461417753e-78,0.678383426578573,0.364,0.102,3.51690472041074e-74,ITM2C
ENSG00000160229,1.81240470066214e-78,0.641907059324902,0.217,0.042,5.85116733561765e-74,ZNF66
ENSG00000109610,2.35976334966292e-77,1.40063691524029,0.609,0.277,7.61825999805178e-73,SOD3
ENSG00000151746,3.40681819870964e-77,1.44168338943659,0.387,0.118,1.09985718727142e-72,BICD1
ENSG00000172594,7.57168312643509e-77,0.617266142165964,0.313,0.081,2.4444421805383e-72,SMPDL3A
ENSG00000137267,2.46300829888134e-76,0.951062123485752,0.381,0.119,7.9515759921085e-72,TUBB2A
ENSG00000160613,1.33032149839416e-74,1.187737630739,0.482,0.185,4.29480992541571e-70,PCSK7
ENSG00000035403,1.83196182003298e-74,1.15220091822406,0.644,0.318,5.91430553979446e-70,VCL
ENSG00000142875,8.0066622193242e-74,0.614818287780213,0.308,0.079,2.58487083088663e-69,PRKACB
ENSG00000152413,4.77458393477093e-73,0.653976711698263,0.34,0.095,1.54142667750145e-68,HOMER1
ENSG00000175183,7.635231533132e-73,0.817242005670136,0.387,0.117,2.46495814815634e-68,CSRP2
ENSG00000145675,2.30758143814883e-72,0.827063933937844,0.482,0.174,7.44979591491968e-68,PIK3R1
ENSG00000102575,1.61006727403349e-71,0.991857379143418,0.408,0.14,5.19794118748972e-67,ACP5
ENSG00000064655,1.89218173661196e-71,0.623395704049735,0.251,0.057,6.10871951847805e-67,EYA2
ENSG00000133142,2.6124118851966e-71,1.87904507480515,0.64,0.385,8.43391053016869e-67,TCEAL4
ENSG00000198612,4.33143675818794e-71,0.97200260240295,0.499,0.195,1.39836104301339e-66,COPS8
ENSG00000197971,2.46822284814299e-70,1.32985543153749,0.569,0.254,7.96841064294481e-66,MBP
ENSG00000159840,2.55896965635149e-70,1.22294404475915,0.518,0.222,8.26137763856514e-66,ZYX
ENSG00000131435,2.69288280914862e-70,0.735336409339995,0.41,0.131,8.6937028610554e-66,PDLIM4
ENSG00000182240,9.05725716155626e-70,0.981887174031248,0.542,0.242,2.92404490203682e-65,BACE2
ENSG00000175220,1.44436002573471e-68,0.689933368946693,0.371,0.117,4.66297190708194e-64,ARHGAP1
ENSG00000111640,1.56618321474737e-68,1.76207958199858,0.801,0.695,5.05626589049041e-64,GAPDH
ENSG00000154380,4.88262945411618e-68,1.3115275061658,0.607,0.287,1.57630809296687e-63,ENAH
ENSG00000167996,5.12748276191651e-68,1.90937314339572,0.923,0.873,1.65535653485712e-63,FTH1
ENSG00000002586,2.90670522432367e-67,1.29692287064266,0.708,0.451,9.38400714620653e-63,CD99
ENSG00000172465,1.03221972456493e-65,0.849536746460462,0.4,0.138,3.33241815878541e-61,TCEAL1
ENSG00000103994,1.80893714911501e-65,1.47253082701137,0.59,0.314,5.8399726922029e-61,ZNF106
ENSG00000067798,3.07476617881245e-65,1.5189256303524,0.213,0.047,9.9265751316781e-61,NAV3
ENSG00000139910,1.44782399225187e-64,0.901388428229503,0.234,0.056,4.67415497658594e-60,NOVA1
ENSG00000183287,6.36219405400612e-64,0.813416422845071,0.211,0.046,2.05397072839534e-59,CCBE1
ENSG00000183580,6.47925482481099e-64,2.05714233355057,0.344,0.11,2.09176262764198e-59,FBXL7
ENSG00000243927,7.81890039629131e-64,0.998469911423345,0.6,0.321,2.52425380393869e-59,MRPS6
ENSG00000077549,1.06478195470527e-63,1.00450258552912,0.758,0.544,3.4375420625705e-59,CAPZB
ENSG00000170275,1.40890704234474e-63,1.08921424920267,0.497,0.224,4.54851549550575e-59,CRTAP
ENSG00000118971,5.11313896019335e-63,0.763138335999552,0.447,0.17,1.65072578190882e-58,CCND2
ENSG00000169604,1.1842119236665e-62,1.09623348317299,0.534,0.225,3.82310977436492e-58,ANTXR1
ENSG00000168386,1.20543523633803e-62,0.85256971100178,0.487,0.191,3.8916271169937e-58,FILIP1L
ENSG00000128595,1.62063595898754e-62,0.903100436243865,0.623,0.332,5.23206112999536e-58,CALU
ENSG00000152217,2.16215799237021e-62,0.840766091620969,0.35,0.109,6.98031086256799e-58,SETBP1
ENSG00000183098,3.94970497661017e-62,1.53083198075465,0.259,0.068,1.27512275464883e-57,GPC6
ENSG00000139173,2.89740872506476e-61,0.825081108867065,0.234,0.058,9.35399432799908e-57,TMEM117
ENSG00000186073,6.67942866325552e-61,0.607588090757785,0.226,0.053,2.15638674964541e-56,C15orf41
ENSG00000075223,1.84826198401091e-60,0.875914020200496,0.371,0.12,5.96692898918081e-56,SEMA3C
ENSG00000183230,1.81923891863152e-59,0.698550183896145,0.139,0.024,5.87323092490999e-55,CTNNA3
ENSG00000103202,2.41440345508885e-59,0.930605566594505,0.435,0.176,7.79466011440883e-55,NME4
ENSG00000140545,3.17995645411654e-59,0.71231600339866,0.439,0.161,1.02661714164698e-54,MFGE8
ENSG00000154359,3.7809991601301e-59,0.853860091637648,0.422,0.16,1.2206577688564e-54,LONRF1
ENSG00000038945,1.15940282685925e-58,0.862152401423156,0.18,0.038,3.74301608623239e-54,MSR1
ENSG00000113552,3.93149758781825e-58,0.610783201848519,0.273,0.078,1.26924468125125e-53,GNPDA1
ENSG00000165410,1.42796670341736e-57,0.988711551371737,0.458,0.187,4.6100477053126e-53,CFL2
ENSG00000164919,5.14147636234075e-57,1.4447778277077,0.741,0.643,1.65987422881809e-52,COX6C
ENSG00000135842,6.1358034890988e-57,1.20388545186146,0.414,0.16,1.98088279842066e-52,NIBAN1
ENSG00000151322,7.08579495071366e-57,0.923876964484721,0.18,0.039,2.2875780418884e-52,NPAS3
ENSG00000114023,7.25010912217553e-57,0.958827959192354,0.528,0.253,2.34062522900315e-52,FAM162A
ENSG00000243449,9.55572192897191e-57,0.720189125514784,0.377,0.134,3.08496926754929e-52,C4orf48
ENSG00000182636,9.63017602068912e-57,0.659141426704569,0.362,0.123,3.10900602651927e-52,NDN
ENSG00000215386,1.66281894531441e-56,1.45872314319027,0.495,0.207,5.36824468305305e-52,MIR99AHG
ENSG00000104341,3.18054399347386e-56,1.06162859152015,0.509,0.239,1.0268068228531e-51,LAPTM4B
ENSG00000117519,5.35206919695931e-56,0.888184294728794,0.776,0.515,1.72786201954635e-51,CNN3
ENSG00000154175,7.31500244342515e-56,0.6268585662685,0.46,0.17,2.36157538883538e-51,ABI3BP
ENSG00000038427,3.429521530515e-55,0.780150994154408,0.277,0.081,1.10718673091146e-50,VCAN
ENSG00000067113,9.24935412881488e-55,0.771585284208954,0.545,0.246,2.9860614869466e-50,PLPP1
ENSG00000182185,1.72854602559712e-54,2.28718372904327,0.437,0.168,5.58043798903773e-50,RAD51B
ENSG00000175048,7.54259743095968e-54,0.637480680191052,0.296,0.09,2.43505215461102e-49,ZDHHC14
ENSG00000139146,1.14675151539134e-53,0.991631711247244,0.489,0.227,3.70217259228941e-49,SINHCAF
ENSG00000083544,2.22919131695626e-53,1.00621569829946,0.458,0.198,7.1967212476616e-49,TDRD3
ENSG00000185774,9.23536786075908e-53,1.6538211651568,0.12,0.02,2.98154616016746e-48,KCNIP4
ENSG00000157483,1.37871067490391e-52,1.32142046631193,0.453,0.187,4.45102954285977e-48,MYO1E
ENSG00000150593,2.44423380581073e-52,0.941541349863985,0.524,0.244,7.89096441867936e-48,PDCD4
ENSG00000151240,2.90066611407208e-52,1.35005570976008,0.424,0.173,9.36451048267032e-48,DIP2C
ENSG00000120594,7.52907758361386e-52,1.30640120970945,0.443,0.176,2.4306874070939e-47,PLXDC2
ENSG00000247809,8.6746267811455e-52,0.983181064712061,0.248,0.071,2.80051651002501e-47,NR2F2-AS1
ENSG00000165434,1.10963039075789e-51,0.803154198724299,0.321,0.11,3.58233075352278e-47,PGM2L1
ENSG00000178104,1.81849552890153e-51,0.618305226612166,0.424,0.175,5.87083096550569e-47,PDE4DIP
ENSG00000170456,1.98743775341537e-51,0.620099727453195,0.232,0.063,6.41624404312618e-47,DENND5B
ENSG00000100490,6.18353905853577e-51,0.679012820933987,0.319,0.108,1.99629374965769e-46,CDKL1
ENSG00000175806,2.87041633413305e-50,0.657591310155102,0.476,0.205,9.26685209311513e-46,MSRA
ENSG00000240972,4.48248331391239e-50,1.42756135404306,0.692,0.521,1.44712491306347e-45,MIF
ENSG00000144619,5.58983072509622e-50,0.991946142171196,0.315,0.104,1.80462095129006e-45,CNTN4
ENSG00000164733,6.04236718629049e-50,1.1523884866777,0.621,0.412,1.95071782242202e-45,CTSB
ENSG00000185630,9.36602509975301e-50,1.12807212514845,0.576,0.279,3.02372754320426e-45,PBX1
ENSG00000183049,1.27863821671225e-48,0.834962074244711,0.427,0.172,4.12795561883383e-44,CAMK1D
ENSG00000196924,1.14143311140211e-47,0.935439615853175,0.631,0.398,3.68500265685058e-43,FLNA
ENSG00000078124,1.46853313288805e-47,0.671290615295093,0.41,0.163,4.74101236621579e-43,ACER3
ENSG00000176046,1.52892903612482e-47,1.27789892460085,0.702,0.506,4.93599450022538e-43,NUPR1
ENSG00000169946,2.64020377243945e-47,1.38288090320254,0.292,0.1,8.52363385894353e-43,ZFPM2
ENSG00000118816,6.2713331132234e-47,1.19498282808953,0.745,0.635,2.02463718227304e-42,CCNI
ENSG00000106049,6.55729790716631e-47,0.58648955642056,0.414,0.165,2.11695805634957e-42,HIBADH
ENSG00000145390,1.5986919380946e-46,1.35357250639744,0.536,0.278,5.1612170529446e-42,USP53
ENSG00000109919,1.9186575910554e-46,0.658896959725354,0.487,0.233,6.19419416696326e-42,MTCH2
ENSG00000119185,7.65953551191687e-46,0.645892362286044,0.487,0.223,2.47280444466724e-41,ITGB1BP1
ENSG00000095637,9.86805598921292e-46,1.82160271739463,0.429,0.188,3.1858031955575e-41,SORBS1
ENSG00000077157,3.98519116265425e-45,1.50724795989483,0.474,0.224,1.2865791149513e-40,PPP1R12B
ENSG00000069702,4.40816433642076e-45,0.705511688096998,0.42,0.173,1.42313177437008e-40,TGFBR3
ENSG00000076043,6.86733768582998e-45,0.952356509812517,0.605,0.375,2.21705129849335e-40,REXO2
ENSG00000150995,1.05653453135935e-44,0.972693974100322,0.455,0.211,3.41091608104054e-40,ITPR1
ENSG00000272168,1.21955970246735e-44,0.595764814834775,0.282,0.092,3.93722654344558e-40,CASC15
ENSG00000138735,2.94447368792089e-44,0.727576516702014,0.296,0.102,9.50593885408379e-40,PDE5A
ENSG00000065882,3.98843420250279e-44,0.638752352011264,0.402,0.165,1.287626097936e-39,TBC1D1
ENSG00000164932,1.88772916986292e-43,0.782577357258325,0.149,0.033,6.09434485198545e-39,CTHRC1
ENSG00000111058,2.88651763880054e-43,0.653291124577446,0.385,0.152,9.31883354510366e-39,ACSS3
ENSG00000115368,4.29667965202192e-43,0.619839983532783,0.317,0.118,1.38714005885876e-38,WDR75
ENSG00000185565,5.89727842197744e-43,0.958905463673508,0.215,0.062,1.9038773657512e-38,LSAMP
ENSG00000196465,8.2917089901792e-43,0.686013415715326,0.377,0.16,2.67689533038945e-38,MYL6B
ENSG00000013583,2.37663088902645e-42,0.670014528142504,0.466,0.228,7.67271516213298e-38,HEBP1
ENSG00000169100,3.18863405785159e-42,1.19291154082155,0.7,0.621,1.02941861923681e-37,SLC25A6
ENSG00000073792,4.65434647014115e-42,0.780469718388125,0.435,0.187,1.50260921442037e-37,IGF2BP2
ENSG00000205726,7.73184275675927e-42,0.645684908009117,0.408,0.171,2.49614811559216e-37,ITSN1
ENSG00000075624,9.38019776338357e-42,1.10601723770921,0.948,0.895,3.02830304593075e-37,ACTB
ENSG00000113140,9.42053403867476e-42,0.754516140387474,0.638,0.318,3.04132520904576e-37,SPARC
ENSG00000169902,1.75535983654621e-41,0.672093257071734,0.482,0.221,5.6670036963058e-37,TPST1
ENSG00000125868,7.14780303373533e-41,1.09822075296487,0.884,0.787,2.30759673141111e-36,DSTN
ENSG00000156508,3.34851260155089e-40,1.32724577934578,0.952,0.921,1.08103380828469e-35,EEF1A1
ENSG00000119906,9.34895538046925e-40,1.19388873037343,0.327,0.131,3.01821675503069e-35,SLF2
ENSG00000167552,1.24026143163921e-39,0.888635363788556,0.654,0.41,4.00406000590401e-35,TUBA1A
ENSG00000149925,1.29882254581542e-39,1.40548777806988,0.439,0.234,4.19311870691049e-35,ALDOA
ENSG00000130208,1.32232847426797e-39,1.1998751158896,0.462,0.245,4.26900524632673e-35,APOC1
ENSG00000174099,1.33450275398309e-39,0.746627708116519,0.406,0.172,4.30830869095902e-35,MSRB3
ENSG00000040933,1.79264437143201e-39,0.867008270411786,0.325,0.128,5.7873730887311e-35,INPP4A
ENSG00000135905,8.87148667674295e-39,0.815343910487673,0.161,0.042,2.86407075871969e-34,DOCK10
ENSG00000161203,1.36102693684444e-38,1.05784120733436,0.578,0.379,4.3939393629086e-34,AP2M1
ENSG00000092841,2.75314018913741e-38,1.00075299379299,0.882,0.821,8.88823778661121e-34,MYL6
ENSG00000261404,8.34184270362762e-38,1.69037538908783,0.122,0.027,2.69308049843914e-33,AC138627.1
ENSG00000166333,1.18136095262813e-37,0.704053926814742,0.522,0.28,3.81390569946465e-33,ILK
ENSG00000250722,1.69586821181207e-37,1.15388571697242,0.733,0.596,5.4749409350141e-33,SELENOP
ENSG00000135931,2.12689684328803e-37,1.2220508621208,0.408,0.195,6.86647376887109e-33,ARMC9
ENSG00000242616,5.99668261866761e-37,0.628978956974801,0.427,0.207,1.93596901661065e-32,GNG10
ENSG00000115648,2.53478026012237e-36,0.733909823387857,0.596,0.375,8.18328459177905e-32,MLPH
ENSG00000134590,1.13673399188796e-35,0.599498836330163,0.422,0.202,3.66983201941109e-31,RTL8C
ENSG00000050405,1.18338200893713e-34,0.62637331090284,0.545,0.317,3.82043047765263e-30,LIMA1
ENSG00000072134,1.67007333195846e-34,0.783855613699607,0.505,0.269,5.3916647448947e-30,EPN2
ENSG00000197702,2.20970592650766e-34,0.632438940381651,0.551,0.303,7.13381461313731e-30,PARVA
ENSG00000137872,3.06800328315102e-34,0.72034102822921,0.133,0.032,9.90474179932475e-30,SEMA6D
ENSG00000122378,5.77967746530006e-34,0.708855184578058,0.395,0.193,1.86591107289747e-29,PRXL2A
ENSG00000163681,6.35627294818085e-34,0.999481312824837,0.538,0.309,2.05205915859071e-29,SLMAP
ENSG00000053371,1.50997464123703e-33,0.75217038327745,0.427,0.222,4.87480213176964e-29,AKR7A2
ENSG00000071127,2.00423012988226e-33,0.738623204097927,0.559,0.346,6.47045655131188e-29,WDR1
ENSG00000166444,3.8894658913721e-33,0.750455097672648,0.495,0.264,1.25567516837057e-28,ST5
ENSG00000012983,6.49386947120925e-33,0.707421639117929,0.526,0.286,2.09648082008519e-28,MAP4K5
ENSG00000171314,9.05941260374579e-33,0.817849067585482,0.538,0.337,2.92474076499329e-28,PGAM1
ENSG00000243678,9.95759044036711e-33,0.932841498819317,0.542,0.335,3.21470849776812e-28,NME2
ENSG00000111716,1.07159413560897e-32,0.920233534908683,0.689,0.513,3.45953450740001e-28,LDHB
ENSG00000117691,1.21355225430844e-32,0.925418144386924,0.588,0.396,3.91783209780938e-28,NENF
ENSG00000106211,2.33763908884074e-32,0.982700116563776,0.772,0.637,7.54683403441346e-28,HSPB1
ENSG00000231889,7.21919300285025e-32,0.704328861224568,0.261,0.101,2.33064426904017e-27,TRAF3IP2-AS1
ENSG00000136141,1.28848576997671e-31,0.69022348976594,0.389,0.182,4.1597474597928e-27,LRCH1
ENSG00000198947,1.48231621991151e-31,1.90319284024953,0.398,0.196,4.7855096843623e-27,DMD
ENSG00000006042,1.62453095760647e-31,0.587066468580358,0.42,0.218,5.24463574353673e-27,TMEM98
ENSG00000133812,3.85826447876995e-31,0.689816168435,0.412,0.198,1.24560210432609e-26,SBF2
ENSG00000269821,4.2087341283393e-31,0.768125766330413,0.513,0.3,1.35874772599306e-26,KCNQ1OT1
ENSG00000131143,4.59507037078308e-31,0.855509276757193,0.733,0.673,1.48347251850361e-26,COX4I1
ENSG00000170296,6.69519065765341e-31,1.00116752858124,0.629,0.481,2.16147535191683e-26,GABARAP
ENSG00000047648,6.81090317293115e-31,0.797479496060011,0.271,0.106,2.19883198034909e-26,ARHGAP6
ENSG00000135269,7.98203254768135e-31,0.616877819085497,0.495,0.283,2.57691938769345e-26,TES
ENSG00000169764,1.1957023455784e-30,0.850588630520083,0.524,0.316,3.86020545246531e-26,UGP2
ENSG00000145012,3.30376587023652e-30,1.2241178571146,0.708,0.481,1.06658777354716e-25,LPP
ENSG00000171310,3.88807406751865e-30,0.844925466334866,0.416,0.199,1.25522583195772e-25,CHST11
ENSG00000196531,4.20416393828468e-30,0.853155831218323,0.774,0.746,1.35727228583583e-25,NACA
ENSG00000134291,4.425682818997e-30,0.588569848372004,0.286,0.119,1.42878744128499e-25,TMEM106C
ENSG00000157110,5.35338481593434e-30,1.3116109641018,0.714,0.552,1.72828675397624e-25,RBPMS
ENSG00000106034,5.39174812907309e-30,0.594772321699499,0.17,0.053,1.74067196598996e-25,CPED1
ENSG00000189171,6.60758960422819e-30,1.06296828795195,0.654,0.491,2.13319422782903e-25,S100A13
ENSG00000154518,6.98588452563264e-30,0.99732993928888,0.615,0.487,2.25532296025524e-25,ATP5MC3
ENSG00000159335,1.53751916480407e-29,0.835989971376299,0.65,0.5,4.96372687165345e-25,PTMS
ENSG00000197746,6.59183050759453e-29,0.950922421582665,0.685,0.609,2.12810656107182e-24,PSAP
ENSG00000189043,2.00629816204808e-28,0.940743488422291,0.747,0.663,6.47713298635602e-24,NDUFA4
ENSG00000111843,2.68361082953765e-28,0.846795651653609,0.58,0.414,8.66376920207935e-24,TMEM14C
ENSG00000137288,4.8879566233542e-28,0.706836712495622,0.441,0.248,1.57802791628367e-23,UQCC2
ENSG00000171621,8.87095909269866e-28,0.588843275800887,0.393,0.196,2.86390043348684e-23,SPSB1
ENSG00000173660,2.72573668366222e-27,0.856736919112491,0.642,0.535,8.79976830953512e-23,UQCRH
ENSG00000174748,4.51499524168687e-27,0.686427405610976,0.832,0.797,1.45762106382619e-22,RPL15
ENSG00000166681,1.07077989556332e-26,0.85729740765963,0.629,0.493,3.45690581483661e-22,BEX3
ENSG00000167283,1.09450202624552e-26,0.839369339680724,0.733,0.658,3.53349034153103e-22,ATP5MG
ENSG00000198162,1.11444723899905e-26,0.633163326558301,0.499,0.286,3.59788146638452e-22,MAN1A2
ENSG00000137818,2.21643831505647e-26,0.730174738533317,0.913,0.88,7.15554945632832e-22,RPLP1
ENSG00000196935,5.41667358955103e-26,0.882732461742568,0.352,0.172,1.74871890165065e-21,SRGAP1
ENSG00000168675,1.01730020227941e-25,0.608131114230339,0.29,0.125,3.28425197303886e-21,LDLRAD4
ENSG00000181163,1.22442980778276e-25,0.875430956351978,0.752,0.681,3.95294919144587e-21,NPM1
ENSG00000185088,1.27666700605279e-25,0.993865982591452,0.656,0.533,4.12159176234083e-21,RPS27L
ENSG00000099956,1.29989478605999e-25,0.585141717756641,0.422,0.234,4.19658032731608e-21,SMARCB1
ENSG00000065978,1.69445219226312e-25,0.901489132664156,0.764,0.696,5.47036945750225e-21,YBX1
ENSG00000160145,3.64860506220015e-25,0.834421202272743,0.271,0.116,1.1779156582807e-20,KALRN
ENSG00000127184,3.68008734910262e-25,0.826514433369189,0.758,0.693,1.18807939978429e-20,COX7C
ENSG00000148120,4.46094873821611e-25,0.635845862744316,0.619,0.392,1.44017269064569e-20,AOPEP
ENSG00000156467,5.95345322595428e-25,0.949093001833441,0.714,0.649,1.92201283946708e-20,UQCRB
ENSG00000089220,7.01779045764113e-25,0.875713023935541,0.712,0.594,2.26562347134486e-20,PEBP1
ENSG00000071282,1.07454417306332e-24,1.42321785858294,0.362,0.187,3.46905840831762e-20,LMCD1
ENSG00000064666,1.72817794196074e-24,0.690896739928015,0.41,0.242,5.57924966782604e-20,CNN2
ENSG00000092439,8.22501582978055e-24,0.679454734326442,0.445,0.248,2.65536411048635e-19,TRPM7
ENSG00000115738,8.46964367908703e-24,0.764020331765374,0.547,0.372,2.73433976535646e-19,ID2
ENSG00000183255,9.38056487462299e-24,0.725137589151766,0.629,0.483,3.02842156412329e-19,PTTG1IP
ENSG00000177425,2.09734679025977e-23,0.631918302015013,0.509,0.315,6.77107437767465e-19,PAWR
ENSG00000173436,4.75931622386854e-23,0.834606281097282,0.584,0.402,1.53649764971372e-18,MICOS10
ENSG00000112062,5.1396334185415e-23,0.657291578993515,0.356,0.18,1.65927925284194e-18,MAPK14
ENSG00000122406,1.47404576327176e-22,0.682328234671632,0.853,0.795,4.75880934214655e-18,RPL5
ENSG00000100380,2.00661581943005e-22,0.776073634840911,0.621,0.511,6.47815851144797e-18,ST13
ENSG00000177556,2.27977080862184e-22,0.617562222474529,0.522,0.345,7.36001207855476e-18,ATOX1
ENSG00000163697,8.45927788023813e-22,0.778412039825304,0.412,0.229,2.73099327085608e-17,APBB2
ENSG00000167081,3.30477716186596e-21,1.20182782988794,0.362,0.195,1.06691425893681e-16,PBX3
ENSG00000101871,4.34918302342779e-21,1.19166648803264,0.348,0.189,1.40409024728343e-16,MID1
ENSG00000172757,5.00215154316452e-21,0.656366153495281,0.743,0.702,1.61489460419523e-16,CFL1
ENSG00000198832,5.51805493291068e-21,0.832337219501866,0.611,0.469,1.78144885454088e-16,SELENOM
ENSG00000014641,1.11324342608132e-20,0.653285000661971,0.437,0.262,3.59399507676092e-16,MDH1
ENSG00000114850,1.21252589084387e-20,0.759033449476998,0.555,0.41,3.91451858600034e-16,SSR3
ENSG00000246705,2.1487554235264e-20,0.604721047399867,0.532,0.366,6.93704200931264e-16,H2AFJ
ENSG00000144366,2.8887302664085e-20,0.782051540974788,0.408,0.23,9.3259767920732e-16,GULP1
ENSG00000009413,3.63666371890817e-20,0.905197934385142,0.532,0.362,1.17406051501231e-15,REV3L
ENSG00000196639,5.17281430346094e-20,0.849371031191537,0.193,0.079,1.66999136972933e-15,HRH1
ENSG00000213639,5.70702871287641e-20,0.585603897012747,0.602,0.43,1.84245714966502e-15,PPP1CB
ENSG00000137573,6.19825903736235e-20,0.674655100772788,0.203,0.087,2.00104594762206e-15,SULF1
ENSG00000197982,1.63812591713901e-19,0.590319801895516,0.406,0.245,5.28852571089158e-15,C1orf122
ENSG00000100528,2.51495839580155e-19,0.620792301177514,0.48,0.337,8.11929168500573e-15,CNIH1
ENSG00000182551,5.28593134247331e-19,0.7355011326904,0.52,0.372,1.70651007460408e-14,ADI1
ENSG00000167641,5.70078469644859e-19,0.648747407482324,0.211,0.09,1.84044133140146e-14,PPP1R14A
ENSG00000111832,7.06051137190902e-19,0.722511645797733,0.571,0.43,2.27941549130711e-14,RWDD1
ENSG00000167658,8.95380038767435e-19,0.751833922349028,0.712,0.687,2.89064491715679e-14,EEF2
ENSG00000197321,1.17915282621715e-18,0.734602337946131,0.536,0.348,3.80677698415944e-14,SVIL
ENSG00000154229,1.7625746407182e-18,0.777055937335889,0.331,0.179,5.69029597009464e-14,PRKCA
ENSG00000123094,1.77967232185127e-18,0.593331293547342,0.371,0.208,5.74549412386465e-14,RASSF8
ENSG00000171159,3.1998301293212e-18,0.604872540244659,0.484,0.335,1.03303315895006e-13,C9orf16
ENSG00000134308,4.49065438680682e-18,0.667498751601149,0.613,0.508,1.44976286223672e-13,YWHAQ
ENSG00000087086,8.40655751149104e-18,0.672216296680626,0.938,0.907,2.71397302700977e-13,FTL
ENSG00000146066,9.5441993375003e-18,0.668184002942275,0.53,0.395,3.0812493141186e-13,HIGD2A
ENSG00000168653,1.51826255761498e-17,0.71967593784855,0.671,0.563,4.90155884100419e-13,NDUFS5
ENSG00000178982,1.68538893371719e-17,0.654064733723365,0.65,0.578,5.44110963361259e-13,EIF3K
ENSG00000165637,2.5287549229404e-17,0.656323991259608,0.573,0.434,8.16383239322078e-13,VDAC2
ENSG00000100612,3.56423327599802e-17,0.644767179581177,0.474,0.333,1.1506770708232e-12,DHRS7
ENSG00000146555,3.64040465313275e-17,0.991342895892834,0.304,0.159,1.17526823821738e-12,SDK1
ENSG00000075415,4.4768153587142e-17,0.665671602031853,0.679,0.629,1.44529507040729e-12,SLC25A3
ENSG00000128524,1.11627984432449e-16,0.626664642468128,0.54,0.412,3.60379784941718e-12,ATP6V1F
ENSG00000160213,6.84041257484487e-16,0.764862480059219,0.679,0.597,2.20835879566292e-11,CSTB
ENSG00000137449,1.0416605367701e-15,0.620477178318177,0.271,0.148,3.36289687690859e-11,CPEB2
ENSG00000067225,1.12711540536812e-15,0.635208134246835,0.596,0.483,3.63877937469043e-11,PKM
ENSG00000140319,2.29758657550673e-15,0.588044213682407,0.712,0.699,7.41752850036592e-11,SRP14
ENSG00000142168,2.63287857276744e-15,0.657445385893345,0.663,0.568,8.4999851843224e-11,SOD1
ENSG00000090905,4.44548403739081e-15,0.855590977376886,0.476,0.319,1.43518006663125e-10,TNRC6A
ENSG00000175390,4.70956288215095e-15,0.672724715796165,0.59,0.492,1.52043528087361e-10,EIF3F
ENSG00000204387,5.09526089379611e-15,0.638745332546096,0.474,0.33,1.64495402695313e-10,SNHG32
ENSG00000084207,1.23915323734018e-14,0.618213151421383,0.799,0.748,4.00048231142904e-10,GSTP1
ENSG00000113742,3.29344815215216e-14,0.809022171747282,0.427,0.285,1.0632568014408e-09,CPEB4
ENSG00000172270,3.88024087512691e-14,0.630124917724415,0.584,0.495,1.25269696412597e-09,BSG
ENSG00000276644,3.9132641052588e-14,1.26127271131371,0.157,0.071,1.26335818374175e-09,DACH1
ENSG00000163110,5.5718614479399e-14,0.953415053409264,0.491,0.335,1.79881974985292e-09,PDLIM5
ENSG00000131174,6.01677025567574e-14,0.793403722885995,0.631,0.538,1.94245410934235e-09,COX7B
ENSG00000110717,7.02460997157555e-14,0.610970423634723,0.499,0.373,2.26782508322345e-09,NDUFS8
ENSG00000126267,7.58117220661645e-14,0.648880516093451,0.636,0.591,2.44750563518406e-09,COX6B1
ENSG00000157168,1.28621227228451e-13,1.1363584793698,0.155,0.069,4.1524076998433e-09,NRG1
ENSG00000273149,1.57242397117459e-13,0.650313344930865,0.232,0.122,5.07641354854006e-09,AL138963.4
ENSG00000114423,4.73973563249189e-13,0.755789052532744,0.352,0.223,1.53017625159368e-08,CBLB
ENSG00000115504,1.12556245872179e-12,0.783181363083559,0.364,0.228,3.63376584173742e-08,EHBP1
ENSG00000152518,1.54384189805491e-12,0.600053918452787,0.551,0.432,4.98413918368048e-08,ZFP36L2
ENSG00000135821,2.87075892307342e-12,0.648278221172341,0.613,0.517,9.26795810725024e-08,GLUL
ENSG00000111678,1.11841488239368e-11,0.588659951429161,0.576,0.516,3.61069060631974e-07,C12orf57
ENSG00000104763,1.46069664006339e-11,0.755563673360581,0.623,0.565,4.71571303278065e-07,ASAH1
ENSG00000137331,3.39957152903312e-11,0.725953022018711,0.435,0.317,1.09751767243305e-06,IER3
ENSG00000117984,4.45689564991485e-11,0.778754135066031,0.565,0.5,1.43886419161851e-06,CTSD
ENSG00000185532,1.05427727934024e-10,0.791870282964237,0.389,0.266,3.40362876862203e-06,PRKG1
ENSG00000154723,1.17801392870059e-10,0.610535854983797,0.609,0.548,3.80310016741698e-06,ATP5PF
ENSG00000071054,1.18565565797221e-10,0.786792517841141,0.383,0.255,3.82777072619749e-06,MAP4K4
ENSG00000156273,1.33495075380502e-10,0.68616282636583,0.34,0.219,4.30975501358412e-06,BACH1
ENSG00000135404,2.6409273531265e-10,0.74682649951117,0.814,0.783,8.52596986683358e-06,CD63
ENSG00000135486,2.76293177247563e-10,0.609910928936541,0.698,0.711,8.91984893426031e-06,HNRNPA1
ENSG00000250479,3.971308099737e-10,0.666906395268852,0.379,0.286,1.28209710691909e-05,CHCHD10
ENSG00000176485,4.33055768020849e-10,0.598302296197745,0.476,0.389,1.39807724147851e-05,PLAAT3
ENSG00000254772,4.40036535192223e-09,0.637133694382792,0.433,0.309,0.000142061395021457,EEF1G
ENSG00000162772,4.55618550870749e-09,0.767533612569806,0.424,0.333,0.000147091892963113,ATF3
ENSG00000166165,5.14227033245941e-09,0.722262366210687,0.4,0.295,0.00016601305541312,CKB
ENSG00000090266,5.17201549250844e-09,0.59937587183081,0.638,0.567,0.000166973348160142,NDUFB2
ENSG00000187720,6.77574988443997e-09,0.907956900243612,0.373,0.258,0.00021874830926926,THSD4
ENSG00000100154,8.3787556423129e-09,0.634273804271794,0.391,0.278,0.00027049974715643,TTC28
ENSG00000231607,1.23356726366805e-08,0.610623951647675,0.284,0.189,0.000398244855402594,DLEU2
ENSG00000265681,9.69192448823247e-07,0.773432526103929,0.708,0.615,0.0312894090178097,RPL17
ENSG00000011566,1.00639150729149e-06,0.610281139382272,0.356,0.266,0.0324903434213984,MAP4K3
ENSG00000150672,8.91941630038201e-06,0.626403066666231,0.282,0.205,0.287954435841533,DLG2
ENSG00000173915,5.46888895912652e-05,0.592836272976687,0.615,0.565,1,ATP5MD
ENSG00000182463,7.55185776326151e-05,0.745214858150908,0.178,0.12,1,TSHZ2
ENSG00000140836,0.000181898104169104,1.30359344562979,0.383,0.3,1,ZFHX3
